Name,Roll No,Age,Class,Average Marks,Grade
Vishakha,1,14,10,94.0,A
Vinit,2,15,10,88.0,B
Harshal,3,16,10,84.33333333333333,B
Jagruti,4,15,10,73.0,C
Vaishnavi,5,15,10,91.33333333333333,A
Yadnesh,6,16,10,79.66666666666667,B
Shreeya,7,15,10,82.33333333333333,B
Swara,8,16,10,84.0,B
Nimish,9,16,10,89.0,B
Jayanti,10,15,10,84.66666666666667,B
